Type,SKU,Name,Published,Is featured?,Visibility in catalog,Short description,Description,Date sale price starts,Date sale price ends,Tax status,Tax class,In stock?,Stock,Backorders allowed?,Sold individually?,Weight (lbs),Length (in),Width (in),Height (in),Allow customer reviews?,Purchase note,Sale price,Regular price,Categories,Tags,Shipping class,Images,Download limit,Download expiry days,Parent,Grouped products,Upsells,Cross-sells,External URL,Button text,Position,Attribute 1 name,Attribute 1 value(s),Attribute 1 visible,Attribute 1 global,Attribute 2 name,Attribute 2 value(s),Attribute 2 visible,Attribute 2 global,Attribute 3 name,Attribute 3 value(s),Attribute 3 visible,Attribute 3 global,Attribute 4 name,Attribute 4 value(s),Attribute 4 visible,Attribute 4 global,Meta: _wpcom_is_markdown,Download 1 name,Download 1 URL,Download 2 name,Download 2 URL
simple,,"AC Schnitzer wheel 10,0 x 21"" AC3 FlowForming ""silver-anthracite"" offset 40 for BMW iX3 G08",1,0,visible,,,,,taxable,,1,,0,0,,,,,1,,,,"BMW, BMW > I, BMW > I > IX3, BMW > I > IX3 > IX3 G08, BMW > I > IX3 > IX3 G08 > Wheels",,,,,,,,,,,,,,,,,,,,,,,,,,,,,0,,,,
simple,,AC Schnitzer front splitter for BMW iX3 G08 with M aerodynamic package,1,0,visible,,,,,taxable,,1,,0,0,,,,,1,,,,"BMW, BMW > I, BMW > I > IX3, BMW > I > IX3 > IX3 G08, BMW > I > IX3 > IX3 G08 > Aerodynamics",,,,,,,,,,,,,,,,,,,,,,,,,,,,,0,,,,
simple,,AC Schnitzer suspension spring kit for BMW i5 G60 sedan,1,0,visible,,,,,taxable,,1,,0,0,,,,,1,,,,"BMW, BMW > I, BMW > I > I5, BMW > I > I5 > I5 G60g61, BMW > I > I5 > I5 G60g61 > Suspension",,,,,,,,,,,,,,,,,,,,,,,,,,,,,0,,,,
simple,,AC Schnitzer performance upgrade for BMW X7 G07 LCI,1,0,visible,,,,,taxable,,1,,0,0,,,,,1,,,,"BMW, BMW > X, BMW > X > X7, BMW > X > X7 > X7 G07, BMW > X > X7 > X7 G07 > Engine",,,,,,,,,,,,,,,,,,,,,,,,,,,,,0,,,,
simple,,AC Schnitzer tailpipe set Carbon Sport for BMW X G02,1,0,visible,,,,,taxable,,1,,0,0,,,,,1,,,,"BMW, BMW > X, BMW > X > X4, BMW > X > X4 > X4 G02, BMW > X > X4 > X4 G02 > Exhaust",,,,,,,,,,,,,,,,,,,,,,,,,,,,,0,,,,
simple,,,1,0,visible,,,,,taxable,,0,,0,0,,,,,1,,,,BMW,,,https://ac-schnitzer-cdn.de/media/vector/32/df/8c/ac-schnitzer-logo.svg,,,,,,,,,,,,,,,,,,,,,,,,,,0,,,,
simple,,,1,0,visible,,,,,taxable,,0,,0,0,,,,,1,,,,"BMW, BMW > I",,,https://ac-schnitzer-cdn.de/media/vector/32/df/8c/ac-schnitzer-logo.svg,,,,,,,,,,,,,,,,,,,,,,,,,,0,,,,
simple,,,1,0,visible,,,,,taxable,,0,,0,0,,,,,1,,,,"BMW, BMW > I, BMW > I > IX3, BMW > I > IX3 > IX3 G08",,,https://ac-schnitzer-cdn.de/media/image/05/f5/86/iX3-G08.jpg,,,,,,,,,,,,,,,,,,,,,,,,,,0,,,,
simple,,"AC Schnitzer 21"" wheel & tyre set AC3 FlowForming silver-anthracite Michelin for BMW iX3 G08",1,0,visible,,,,,taxable,,1,,0,0,,,,,1,,,,"BMW, BMW > I, BMW > I > IX3, BMW > I > IX3 > IX3 G08, BMW > I > IX3 > IX3 G08 > Wheel Tyre Sets, BMW > I > IX3 > IX3 G08 > Wheel Tyre Sets > Wheel Tyre Sets AC3 Flowforming Silver Anthracite",,,,,,,,,,,,,,,,,,,,,,,,,,,,,0,,,,
simple,,"AC Schnitzer 21"" wheel & tyre set AC3 FlowForming silver-anthracite Michelin for BMW iX3 G08",1,0,visible,,,,,taxable,,1,,0,0,,,,,1,,,,"BMW, BMW > I, BMW > I > IX3, BMW > I > IX3 > IX3 G08, BMW > I > IX3 > IX3 G08 > Wheel Tyre Sets, BMW > I > IX3 > IX3 G08 > Wheel Tyre Sets > Wheel Tyre Sets AC3 Flowforming Black",,,,,,,,,,,,,,,,,,,,,,,,,,,,,0,,,,
simple,,"AC Schnitzer wheel 10,0 x 21"" AC3 FlowForming ""silver-anthracite"" offset 40 for BMW iX3 G08",1,0,visible,,,,,taxable,,1,,0,0,,,,,1,,,,"BMW, BMW > I, BMW > I > IX3, BMW > I > IX3 > IX3 G08, BMW > I > IX3 > IX3 G08 > Wheels, BMW > I > IX3 > IX3 G08 > Wheels > Wheels AC3 Flowforming Silver Anthracite",,,,,,,,,,,,,,,,,,,,,,,,,,,,,0,,,,
simple,,"AC Schnitzer wheel 10,0 x 21"" AC3 FlowForming ""black"" offset 40 for BMW iX3 G08",1,0,visible,,,,,taxable,,1,,0,0,,,,,1,,,,"BMW, BMW > I, BMW > I > IX3, BMW > I > IX3 > IX3 G08, BMW > I > IX3 > IX3 G08 > Wheels, BMW > I > IX3 > IX3 G08 > Wheels > Wheels AC3 Flowforming Black",,,,,,,,,,,,,,,,,,,,,,,,,,,,,0,,,,
simple,,AC Schnitzer emblem film glossy black for all BMW + MINI,1,0,visible,,,,,taxable,,1,,0,0,,,,,1,,,,"BMW, BMW > I, BMW > I > IX3, BMW > I > IX3 > IX3 G08, BMW > I > IX3 > IX3 G08 > Aerodynamics, BMW > I > IX3 > IX3 G08 > Aerodynamics > Emblems",,,,,,,,,,,,,,,,,,,,,,,,,,,,,0,,,,
simple,,,1,0,visible,,,,,taxable,,0,,0,0,,,,,1,,,,"BMW, BMW > I, BMW > I > I8, BMW > I > I8 > I8 I12i15",,,https://ac-schnitzer-cdn.de/media/image/ce/41/a7/i8-I12-I15.jpg,,,,,,,,,,,,,,,,,,,,,,,,,,0,,,,
simple,,AC Schnitzer Racing carbon rear wing for BMW i8 - I12,1,0,visible,,,,,taxable,,1,,0,0,,,,,1,,,,"BMW, BMW > I, BMW > I > I8, BMW > I > I8 > I8 I12i15, BMW > I > I8 > I8 I12i15 > Aerodynamics, BMW > I > I8 > I8 I12i15 > Aerodynamics > Aerodynamics Without M Technik",,,,,,,,,,,,,,,,,,,,,,,,,,,,,0,,,,
simple,,AC Schnitzer Racing carbon rear wing for BMW i8 - I12,1,0,visible,,,,,taxable,,1,,0,0,,,,,1,,,,"BMW, BMW > I, BMW > I > I8, BMW > I > I8 > I8 I12i15, BMW > I > I8 > I8 I12i15 > Sale, BMW > I > I8 > I8 I12i15 > Sale > Sale Aerodynamics",,,,,,,,,,,,,,,,,,,,,,,,,,,,,0,,,,
simple,,,1,0,visible,,,,,taxable,,0,,0,0,,,,,1,,,,"BMW, BMW > I, BMW > I > I5, BMW > I > I5 > I5 G60g61",,,https://ac-schnitzer-cdn.de/media/image/35/a6/d8/i5-G60-G61.jpg,,,,,,,,,,,,,,,,,,,,,,,,,,0,,,,
simple,,AC Schnitzer suspension spring kit for BMW i5 G60 sedan,1,0,visible,,,,,taxable,,1,,0,0,,,,,1,,,,"BMW, BMW > I, BMW > I > I5, BMW > I > I5 > I5 G60g61, BMW > I > I5 > I5 G60g61 > Suspension, BMW > I > I5 > I5 G60g61 > Suspension > Spring Kit",,,,,,,,,,,,,,,,,,,,,,,,,,,,,0,,,,
simple,,"AC Schnitzer 19"" wheel & tyre set AC1 black Continental for BMW i5 G60",1,0,visible,,,,,taxable,,1,,0,0,,,,,1,,,,"BMW, BMW > I, BMW > I > I5, BMW > I > I5 > I5 G60g61, BMW > I > I5 > I5 G60g61 > Wheel Tyre Sets, BMW > I > I5 > I5 G60g61 > Wheel Tyre Sets > Wheel Tyre Sets AC1 Black",,,,,,,,,,,,,,,,,,,,,,,,,,,,,0,,,,
simple,,"AC Schnitzer 19"" wheel & tyre set AC1 anthracite Continental for BMW i5 G60",1,0,visible,,,,,taxable,,1,,0,0,,,,,1,,,,"BMW, BMW > I, BMW > I > I5, BMW > I > I5 > I5 G60g61, BMW > I > I5 > I5 G60g61 > Wheel Tyre Sets, BMW > I > I5 > I5 G60g61 > Wheel Tyre Sets > Wheel Tyre Sets AC1 Anthracite",,,,,,,,,,,,,,,,,,,,,,,,,,,,,0,,,,
simple,,"AC Schnitzer 20"" wheel & tyre set AC4 Black Continental for BMW i5 G60",1,0,visible,,,,,taxable,,1,,0,0,,,,,1,,,,"BMW, BMW > I, BMW > I > I5, BMW > I > I5 > I5 G60g61, BMW > I > I5 > I5 G60g61 > Wheel Tyre Sets, BMW > I > I5 > I5 G60g61 > Wheel Tyre Sets > Wheel Tyre Sets AC4 Black",,,,,,,,,,,,,,,,,,,,,,,,,,,,,0,,,,
simple,,"AC Schnitzer wheel 8,5 x 19"" Type AC1 Black offset 43 for BMW i5 G60",1,0,visible,,,,,taxable,,1,,0,0,,,,,1,,,,"BMW, BMW > I, BMW > I > I5, BMW > I > I5 > I5 G60g61, BMW > I > I5 > I5 G60g61 > Wheels, BMW > I > I5 > I5 G60g61 > Wheels > Wheels AC1 Black",,,,,,,,,,,,,,,,,,,,,,,,,,,,,0,,,,
simple,,"AC Schnitzer wheel 8,5 x 19"" Type AC1 ""Anthracite"" offset 43 for BMW i5 G60",1,0,visible,,,,,taxable,,1,,0,0,,,,,1,,,,"BMW, BMW > I, BMW > I > I5, BMW > I > I5 > I5 G60g61, BMW > I > I5 > I5 G60g61 > Wheels, BMW > I > I5 > I5 G60g61 > Wheels > Wheels AC1 Anthracite",,,,,,,,,,,,,,,,,,,,,,,,,,,,,0,,,,
simple,,"AC Schnitzer wheel 9.5 x 20"" Type AC4 ""BiColor"" offset 50 for BMW i5 G60",1,0,visible,,,,,taxable,,1,,0,0,,,,,1,,,,"BMW, BMW > I, BMW > I > I5, BMW > I > I5 > I5 G60g61, BMW > I > I5 > I5 G60g61 > Wheels, BMW > I > I5 > I5 G60g61 > Wheels > Wheels AC4 Bicolor",,,,,,,,,,,,,,,,,,,,,,,,,,,,,0,,,,
simple,,"AC Schnitzer wheel 9.5 x 20"" Type AC4 ""Black"" offset 50 for BMW i5 G60",1,0,visible,,,,,taxable,,1,,0,0,,,,,1,,,,"BMW, BMW > I, BMW > I > I5, BMW > I > I5 > I5 G60g61, BMW > I > I5 > I5 G60g61 > Wheels, BMW > I > I5 > I5 G60g61 > Wheels > Wheels AC4 Black",,,,,,,,,,,,,,,,,,,,,,,,,,,,,0,,,,
simple,,"AC Schnitzer spacer set for BMW i5 G60 Sedan, G61 Touring",1,0,visible,,,,,taxable,,1,,0,0,,,,,1,,,,"BMW, BMW > I, BMW > I > I5, BMW > I > I5 > I5 G60g61, BMW > I > I5 > I5 G60g61 > Spacer",,,,,,,,,,,,,,,,,,,,,,,,,,,,,0,,,,
simple,,"AC Schnitzer spacer set for BMW i5 G60 Sedan, G61 Touring",1,0,visible,,,,,taxable,,1,,0,0,,,,,1,,,,"BMW, BMW > I, BMW > I > I5, BMW > I > I5 > I5 G60g61, BMW > I > I5 > I5 G60g61 > Spacer, BMW > I > I5 > I5 G60g61 > Spacer > Spacer For Standard Rims",,,,,,,,,,,,,,,,,,,,,,,,,,,,,0,,,,
simple,,"AC Schnitzer front splitter set for BMW i5 G60 Sedan, G61 Touring",1,0,visible,,,,,taxable,,1,,0,0,,,,,1,,,,"BMW, BMW > I, BMW > I > I5, BMW > I > I5 > I5 G60g61, BMW > I > I5 > I5 G60g61 > Aerodynamics, BMW > I > I5 > I5 G60g61 > Aerodynamics > With M Sports Package",,,,,,,,,,,,,,,,,,,,,,,,,,,,,0,,,,
simple,,AC Schnitzer rear spoiler for BMW i5 G60 Sedan,1,0,visible,,,,,taxable,,1,,0,0,,,,,1,,,,"BMW, BMW > I, BMW > I > I5, BMW > I > I5 > I5 G60g61, BMW > I > I5 > I5 G60g61 > Aerodynamics, BMW > I > I5 > I5 G60g61 > Aerodynamics > Without M Sports Package",,,,,,,,,,,,,,,,,,,,,,,,,,,,,0,,,,
simple,,,1,0,visible,,,,,taxable,,0,,0,0,,,,,1,,,,"BMW, BMW > I, BMW > I > I4, BMW > I > I4 > I4 G26",,,https://ac-schnitzer-cdn.de/media/image/a9/0a/a9/i4-G26.jpg,,,,,,,,,,,,,,,,,,,,,,,,,,0,,,,
simple,,AC Schnitzer carbon rear spoiler for BMW i4 G26,1,0,visible,,,,,taxable,,1,,0,0,,,,,1,,,,"BMW, BMW > I, BMW > I > I4, BMW > I > I4 > I4 G26, BMW > I > I4 > I4 G26 > Aerodynamics, BMW > I > I4 > I4 G26 > Aerodynamics > With M Aerodynamics Package",,,,,,,,,,,,,,,,,,,,,,,,,,,,,0,,,,
simple,,AC Schnitzer carbon rear spoiler for BMW i4 G26,1,0,visible,,,,,taxable,,1,,0,0,,,,,1,,,,"BMW, BMW > I, BMW > I > I4, BMW > I > I4 > I4 G26, BMW > I > I4 > I4 G26 > Aerodynamics, BMW > I > I4 > I4 G26 > Aerodynamics > Without M Aerodynamics Package",,,,,,,,,,,,,,,,,,,,,,,,,,,,,0,,,,
simple,,,1,0,visible,,,,,taxable,,0,,0,0,,,,,1,,,,"BMW, BMW > I, BMW > I > I3, BMW > I > I3 > I3 I01",,,https://ac-schnitzer-cdn.de/media/image/fc/4a/c9/i3-I01.jpg,,,,,,,,,,,,,,,,,,,,,,,,,,0,,,,
simple,,"AC Schnitzer 23"" wheel & tyre set type VIII multipiece BiColor black Continental for BMW X6 F16",1,0,visible,,,,,taxable,,1,,0,0,,,,,1,,,,"BMW, BMW > X",,,,,,,,,,,,,,,,,,,,,,,,,,,,,0,,,,
simple,,"AC Schnitzer 23"" wheel & tyre set AC5 BiColor Pirelli for BMW X7 G07",1,0,visible,,,,,taxable,,1,,0,0,,,,,1,,,,"BMW, BMW > X, BMW > X > X7",,,,,,,,,,,,,,,,,,,,,,,,,,,,,0,,,,
simple,,"AC Schnitzer 23"" wheel & tyre set AC5 BiColor Pirelli for BMW X7 G07",1,0,visible,,,,,taxable,,1,,0,0,,,,,1,,,,"BMW, BMW > X, BMW > X > X7, BMW > X > X7 > X7 G07",,,,,,,,,,,,,,,,,,,,,,,,,,,,,0,,,,
simple,,"AC Schnitzer 23"" wheel & tyre set AC5 BiColor Pirelli for BMW X7 G07",1,0,visible,,,,,taxable,,1,,0,0,,,,,1,,,,"BMW, BMW > X, BMW > X > X7, BMW > X > X7 > X7 G07, BMW > X > X7 > X7 G07 > Wheel Tyre Sets, BMW > X > X7 > X7 G07 > Wheel Tyre Sets > Wheel Tyre Sets AC5 Bicolor",,,,,,,,,,,,,,,,,,,,,,,,,,,,,0,,,,
simple,,"AC Schnitzer 23"" wheel & tyre set AC5 Black Pirelli for BMW X7 G07",1,0,visible,,,,,taxable,,1,,0,0,,,,,1,,,,"BMW, BMW > X, BMW > X > X7, BMW > X > X7 > X7 G07, BMW > X > X7 > X7 G07 > Wheel Tyre Sets, BMW > X > X7 > X7 G07 > Wheel Tyre Sets > Wheel Tyre Sets AC5 Black",,,,,,,,,,,,,,,,,,,,,,,,,,,,,0,,,,
simple,,"AC Schnitzer wheel 11,5 x 23"" Type AC5 BiColor for BMW X7 G07",1,0,visible,,,,,taxable,,1,,0,0,,,,,1,,,,"BMW, BMW > X, BMW > X > X7, BMW > X > X7 > X7 G07, BMW > X > X7 > X7 G07 > Wheels, BMW > X > X7 > X7 G07 > Wheels > Wheels AC5 Bicolor",,,,,,,,,,,,,,,,,,,,,,,,,,,,,0,,,,
simple,,"AC Schnitzer wheel 11,5 x 23"" Type AC5 Black for BMW X7 G07",1,0,visible,,,,,taxable,,1,,0,0,,,,,1,,,,"BMW, BMW > X, BMW > X > X7, BMW > X > X7 > X7 G07, BMW > X > X7 > X7 G07 > Wheels, BMW > X > X7 > X7 G07 > Wheels > Wheels AC5 Black",,,,,,,,,,,,,,,,,,,,,,,,,,,,,0,,,,
simple,,,1,0,visible,,,,,taxable,,0,,0,0,,,,,1,,,,"BMW, BMW > X, BMW > X > X6",,,https://ac-schnitzer-cdn.de/media/vector/32/df/8c/ac-schnitzer-logo.svg,,,,,,,,,,,,,,,,,,,,,,,,,,0,,,,
simple,,"AC Schnitzer 22"" wheel & tyre set AC5 schwarz winter Continental for BMW X6 G06 LCI",1,0,visible,,,,,taxable,,1,,0,0,,,,,1,,,,"BMW, BMW > X, BMW > X > X6, BMW > X > X6 > X6 G06 Lci",,,,,,,,,,,,,,,,,,,,,,,,,,,,,0,,,,
simple,,,1,0,visible,,,,,taxable,,0,,0,0,,,,,1,,,,"BMW, BMW > X, BMW > X > X6, BMW > X > X6 > X6 G06",,,https://ac-schnitzer-cdn.de/media/image/41/d4/dc/X6-G06.jpg,,,,,,,,,,,,,,,,,,,,,,,,,,0,,,,
simple,,AC Schnitzer sports steering wheel for BMW X6 G06,1,0,visible,,,,,taxable,,1,,0,0,,,,,1,,,,"BMW, BMW > X, BMW > X > X6, BMW > X > X6 > X6 G06, BMW > X > X6 > X6 G06 > Steering Wheels",,,,,,,,,,,,,,,,,,,,,,,,,,,,,0,,,,
simple,,,1,0,visible,,,,,taxable,,0,,0,0,,,,,1,,,,"BMW, BMW > X, BMW > X > X6, BMW > X > X6 > X6 F16",,,https://ac-schnitzer-cdn.de/media/image/55/61/3b/X6-F16.jpg,,,,,,,,,,,,,,,,,,,,,,,,,,0,,,,
simple,,"AC Schnitzer 23"" wheel & tyre set AC1 multipiece black Continental for BMW X6 F16",1,0,visible,,,,,taxable,,1,,0,0,,,,,1,,,,"BMW, BMW > X, BMW > X > X6, BMW > X > X6 > X6 F16, BMW > X > X6 > X6 F16 > Wheel Tyre Sets, BMW > X > X6 > X6 F16 > Wheel Tyre Sets > Wheel Tyre Sets AC1 Multipiece Black",,,,,,,,,,,,,,,,,,,,,,,,,,,,,0,,,,
simple,,"AC Schnitzer 22"" wheel & tyre set type VIII multipiece Vredestein for BMW X6 F16",1,0,visible,,,,,taxable,,1,,0,0,,,,,1,,,,"BMW, BMW > X, BMW > X > X6, BMW > X > X6 > X6 F16, BMW > X > X6 > X6 F16 > Wheel Tyre Sets, BMW > X > X6 > X6 F16 > Wheel Tyre Sets > Wheel Tyre Sets Type Viii Multipiece",,,,,,,,,,,,,,,,,,,,,,,,,,,,,0,,,,
simple,,"AC Schnitzer 20"" wheel & tyre set type VIII BiColor silver Continental for BMW X6 F16",1,0,visible,,,,,taxable,,1,,0,0,,,,,1,,,,"BMW, BMW > X, BMW > X > X6, BMW > X > X6 > X6 F16, BMW > X > X6 > X6 F16 > Wheel Tyre Sets, BMW > X > X6 > X6 F16 > Wheel Tyre Sets > Wheel Tyre Sets Type Viii Bicolor Silver",,,,,,,,,,,,,,,,,,,,,,,,,,,,,0,,,,
simple,,"AC Schnitzer 20"" wheel & tyre set type VIII BiColor anthracite Hankook for BMW X6 F16",1,0,visible,,,,,taxable,,1,,0,0,,,,,1,,,,"BMW, BMW > X, BMW > X > X6, BMW > X > X6 > X6 F16, BMW > X > X6 > X6 F16 > Wheel Tyre Sets, BMW > X > X6 > X6 F16 > Wheel Tyre Sets > Wheel Tyre Sets Type Viii Anthracite",,,,,,,,,,,,,,,,,,,,,,,,,,,,,0,,,,
simple,,"AC Schnitzer 20"" wheel & tyre set ""BiColor"" type IV Dunlop for BMW X6 F16",1,0,visible,,,,,taxable,,1,,0,0,,,,,1,,,,"BMW, BMW > X, BMW > X > X6, BMW > X > X6 > X6 F16, BMW > X > X6 > X6 F16 > Wheel Tyre Sets, BMW > X > X6 > X6 F16 > Wheel Tyre Sets > Wheel Tyre Sets Type Iv Bicolor Black",,,,,,,,,,,,,,,,,,,,,,,,,,,,,0,,,,
simple,,"AC Schnitzer wheel 11.0 x 23"" Type AC1 ""Black"" offset 40 for BMW X6 F16",1,0,visible,,,,,taxable,,1,,0,0,,,,,1,,,,"BMW, BMW > X, BMW > X > X6, BMW > X > X6 > X6 F16, BMW > X > X6 > X6 F16 > Wheels, BMW > X > X6 > X6 F16 > Wheels > Wheels AC1 Multipiece Black",,,,,,,,,,,,,,,,,,,,,,,,,,,,,0,,,,
simple,,"AC Schnitzer wheel 11,0 x 23"" type VIII offset 40 for BMW X6 F16",1,0,visible,,,,,taxable,,1,,0,0,,,,,1,,,,"BMW, BMW > X, BMW > X > X6, BMW > X > X6 > X6 F16, BMW > X > X6 > X6 F16 > Wheels, BMW > X > X6 > X6 F16 > Wheels > Wheels Type Viii Multipiece",,,,,,,,,,,,,,,,,,,,,,,,,,,,,0,,,,
simple,,"AC Schnitzer wheel 10.0 x 20"" type VIII ""BiColor silver"" offset 50 for BMW X6 F16",1,0,visible,,,,,taxable,,1,,0,0,,,,,1,,,,"BMW, BMW > X, BMW > X > X6, BMW > X > X6 > X6 F16, BMW > X > X6 > X6 F16 > Wheels, BMW > X > X6 > X6 F16 > Wheels > Wheels Type Viii",,,,,,,,,,,,,,,,,,,,,,,,,,,,,0,,,,
simple,,"AC Schnitzer wheel 10.0 x 20"" type IV ""BiColor"" offset 50 for BMW X6 F16",1,0,visible,,,,,taxable,,1,,0,0,,,,,1,,,,"BMW, BMW > X, BMW > X > X6, BMW > X > X6 > X6 F16, BMW > X > X6 > X6 F16 > Wheels, BMW > X > X6 > X6 F16 > Wheels > Wheels Type Iv",,,,,,,,,,,,,,,,,,,,,,,,,,,,,0,,,,
simple,,"AC Schnitzer 23"" wheel & tyre set AC1 multipiece black Continental for BMW X6 F16",1,0,visible,,,,,taxable,,1,,0,0,,,,,1,,,,"BMW, BMW > X, BMW > X > X6, BMW > X > X6 > X6 F16, BMW > X > X6 > X6 F16 > Falcon Wheel Tyre Sets, BMW > X > X6 > X6 F16 > Falcon Wheel Tyre Sets > Falcon Wheel Tyre Sets AC1 Multipiece Black",,,,,,,,,,,,,,,,,,,,,,,,,,,,,0,,,,
simple,,"AC Schnitzer 23"" wheel & tyre set type VIII multipiece BiColor black Continental for BMW X6 F16",1,0,visible,,,,,taxable,,1,,0,0,,,,,1,,,,"BMW, BMW > X, BMW > X > X6, BMW > X > X6 > X6 F16, BMW > X > X6 > X6 F16 > Falcon Wheel Tyre Sets, BMW > X > X6 > X6 F16 > Falcon Wheel Tyre Sets > Falcon Wheel Tyre Sets Type Viii Multipiece",,,,,,,,,,,,,,,,,,,,,,,,,,,,,0,,,,
simple,,"AC Schnitzer wheel 11,0 x 23"" type VIII offset 40 for BMW X6 F16",1,0,visible,,,,,taxable,,1,,0,0,,,,,1,,,,"BMW, BMW > X, BMW > X > X6, BMW > X > X6 > X6 F16, BMW > X > X6 > X6 F16 > Falcon Wheels",,,,,,,,,,,,,,,,,,,,,,,,,,,,,0,,,,
simple,,"AC Schnitzer wheel 11.0 x 23"" Type AC1 ""Black"" offset 40 for BMW X6 F16",1,0,visible,,,,,taxable,,1,,0,0,,,,,1,,,,"BMW, BMW > X, BMW > X > X6, BMW > X > X6 > X6 F16, BMW > X > X6 > X6 F16 > Falcon Wheels, BMW > X > X6 > X6 F16 > Falcon Wheels > Falcon Wheels AC1 Multipiece Black",,,,,,,,,,,,,,,,,,,,,,,,,,,,,0,,,,
simple,,"AC Schnitzer wheel 11,0 x 23"" type VIII offset 40 for BMW X6 F16",1,0,visible,,,,,taxable,,1,,0,0,,,,,1,,,,"BMW, BMW > X, BMW > X > X6, BMW > X > X6 > X6 F16, BMW > X > X6 > X6 F16 > Falcon Wheels, BMW > X > X6 > X6 F16 > Falcon Wheels > Falcon Wheels Type Viii Multipiece",,,,,,,,,,,,,,,,,,,,,,,,,,,,,0,,,,
simple,,"AC Schnitzer 23"" wheel & tyre set type VIII multipiece Continental for BMW X6 F16",1,0,visible,,,,,taxable,,1,,0,0,,,,,1,,,,"BMW, BMW > X, BMW > X > X6, BMW > X > X6 > X6 F16, BMW > X > X6 > X6 F16 > Sale, BMW > X > X6 > X6 F16 > Sale > Sale Wheel Tyre Sets",,,,,,,,,,,,,,,,,,,,,,,,,,,,,0,,,,
simple,,,1,0,visible,,,,,taxable,,0,,0,0,,,,,1,,,,"BMW, BMW > X, BMW > X > X5",,,https://ac-schnitzer-cdn.de/media/vector/32/df/8c/ac-schnitzer-logo.svg,,,,,,,,,,,,,,,,,,,,,,,,,,0,,,,
simple,,,1,0,visible,,,,,taxable,,0,,0,0,,,,,1,,,,"BMW, BMW > X, BMW > X > X5, BMW > X > X5 > X5 G05 Lci",,,https://ac-schnitzer-cdn.de/media/image/b9/55/21/X5-G05-LCI.jpg,,,,,,,,,,,,,,,,,,,,,,,,,,0,,,,
simple,,,1,0,visible,,,,,taxable,,0,,0,0,,,,,1,,,,"BMW, BMW > X, BMW > X > X5, BMW > X > X5 > X5 G05",,,https://ac-schnitzer-cdn.de/media/image/c2/33/ca/X5-G05.jpg,,,,,,,,,,,,,,,,,,,,,,,,,,0,,,,
simple,,,1,0,visible,,,,,taxable,,0,,0,0,,,,,1,,,,"BMW, BMW > X, BMW > X > X5, BMW > X > X5 > X5 F15",,,https://ac-schnitzer-cdn.de/media/image/63/47/33/X5-F15.jpg,,,,,,,,,,,,,,,,,,,,,,,,,,0,,,,
simple,,"AC Schnitzer wheel 11,0 x 23"" type VIII offset 40 for BMW X5 F15",1,0,visible,,,,,taxable,,1,,0,0,,,,,1,,,,"BMW, BMW > X, BMW > X > X5, BMW > X > X5 > X5 F15, BMW > X > X5 > X5 F15 > Sale, BMW > X > X5 > X5 F15 > Sale > Sale Wheels",,,,,,,,,,,,,,,,,,,,,,,,,,,,,0,,,,
simple,,,1,0,visible,,,,,taxable,,0,,0,0,,,,,1,,,,"BMW, BMW > X, BMW > X > X4",,,https://ac-schnitzer-cdn.de/media/vector/32/df/8c/ac-schnitzer-logo.svg,,,,,,,,,,,,,,,,,,,,,,,,,,0,,,,
simple,,,1,0,visible,,,,,taxable,,0,,0,0,,,,,1,,,,"BMW, BMW > X, BMW > X > X4, BMW > X > X4 > X4 G02",,,https://ac-schnitzer-cdn.de/media/image/bb/b6/a1/X4-G02.jpg,,,,,,,,,,,,,,,,,,,,,,,,,,0,,,,
simple,,AC Schnitzer tailpipe set Carbon Sport for BMW X G02,1,0,visible,,,,,taxable,,1,,0,0,,,,,1,,,,"BMW, BMW > X, BMW > X > X4, BMW > X > X4 > X4 G02, BMW > X > X4 > X4 G02 > Exhaust, BMW > X > X4 > X4 G02 > Exhaust > Tail Pipe",,,,,,,,,,,,,,,,,,,,,,,,,,,,,0,,,,
simple,,"AC Schnitzer 22"" wheel & tyre set AC2 black Continental for X4 G02",1,0,visible,,,,,taxable,,1,,0,0,,,,,1,,,,"BMW, BMW > X, BMW > X > X4, BMW > X > X4 > X4 G02, BMW > X > X4 > X4 G02 > Wheel Tyre Sets, BMW > X > X4 > X4 G02 > Wheel Tyre Sets > Wheel Tyre Sets AC2 Black",,,,,,,,,,,,,,,,,,,,,,,,,,,,,0,,,,
simple,,"AC Schnitzer wheel 9.0 x 22"" type AC2 black offset 38 for BMW X4 G02",1,0,visible,,,,,taxable,,1,,0,0,,,,,1,,,,"BMW, BMW > X, BMW > X > X4, BMW > X > X4 > X4 G02, BMW > X > X4 > X4 G02 > Wheels, BMW > X > X4 > X4 G02 > Wheels > Wheels AC2 Black",,,,,,,,,,,,,,,,,,,,,,,,,,,,,0,,,,
simple,,,1,0,visible,,,,,taxable,,0,,0,0,,,,,1,,,,"BMW, BMW > X, BMW > X > X4, BMW > X > X4 > X4 F26",,,https://ac-schnitzer-cdn.de/media/image/1f/8d/59/X4-F26.jpg,,,,,,,,,,,,,,,,,,,,,,,,,,0,,,,
simple,,AC Schnitzer Gurney Flap for Racing carbon rear wing for BMW X4 F26,1,0,visible,,,,,taxable,,1,,0,0,,,,,1,,,,"BMW, BMW > X, BMW > X > X4, BMW > X > X4 > X4 F26, BMW > X > X4 > X4 F26 > Aerodynamics, BMW > X > X4 > X4 F26 > Aerodynamics > Aerodynamics With M Technik",,,,,,,,,,,,,,,,,,,,,,,,,,,,,0,,,,
simple,,,1,0,visible,,,,,taxable,,0,,0,0,,,,,1,,,,"BMW, BMW > X, BMW > X > X3",,,https://ac-schnitzer-cdn.de/media/vector/32/df/8c/ac-schnitzer-logo.svg,,,,,,,,,,,,,,,,,,,,,,,,,,0,,,,
simple,,,1,0,visible,,,,,taxable,,0,,0,0,,,,,1,,,,"BMW, BMW > X, BMW > X > X3, BMW > X > X3 > X3 G45",,,https://ac-schnitzer-cdn.de/media/image/b3/02/07/X3-G45.jpg,,,,,,,,,,,,,,,,,,,,,,,,,,0,,,,
simple,,,1,0,visible,,,,,taxable,,0,,0,0,,,,,1,,,,"BMW, BMW > X, BMW > X > X3, BMW > X > X3 > X3 G01",,,https://ac-schnitzer-cdn.de/media/image/d8/fb/35/X3-G01.jpg,,,,,,,,,,,,,,,,,,,,,,,,,,0,,,,
simple,,,1,0,visible,,,,,taxable,,0,,0,0,,,,,1,,,,"BMW, BMW > X, BMW > X > X3, BMW > X > X3 > X3 F25",,,https://ac-schnitzer-cdn.de/media/image/d5/c6/da/X3-F25.jpg,,,,,,,,,,,,,,,,,,,,,,,,,,0,,,,
simple,,,1,0,visible,,,,,taxable,,0,,0,0,,,,,1,,,,"BMW, BMW > X, BMW > X > X2",,,https://ac-schnitzer-cdn.de/media/vector/32/df/8c/ac-schnitzer-logo.svg,,,,,,,,,,,,,,,,,,,,,,,,,,0,,,,
simple,,,1,0,visible,,,,,taxable,,0,,0,0,,,,,1,,,,"BMW, BMW > X, BMW > X > X2, BMW > X > X2 > X2 U10",,,https://ac-schnitzer-cdn.de/media/image/31/08/fc/X2-U10.jpg,,,,,,,,,,,,,,,,,,,,,,,,,,0,,,,
simple,,,1,0,visible,,,,,taxable,,0,,0,0,,,,,1,,,,"BMW, BMW > X, BMW > X > X2, BMW > X > X2 > X2 F39",,,https://ac-schnitzer-cdn.de/media/image/57/18/a3/X2-F39.jpg,,,,,,,,,,,,,,,,,,,,,,,,,,0,,,,
simple,,,1,0,visible,,,,,taxable,,0,,0,0,,,,,1,,,,"BMW, BMW > X, BMW > X > X1",,,https://ac-schnitzer-cdn.de/media/vector/32/df/8c/ac-schnitzer-logo.svg,,,,,,,,,,,,,,,,,,,,,,,,,,0,,,,
simple,,"AC Schnitzer 20"" wheel & tyre set AC4 BiColor Michelin for BMW X1 U11",1,0,visible,,,,,taxable,,1,,0,0,,,,,1,,,,"BMW, BMW > X, BMW > X > X1, BMW > X > X1 > X1 U11",,,,,,,,,,,,,,,,,,,,,,,,,,,,,0,,,,
simple,,,1,0,visible,,,,,taxable,,0,,0,0,,,,,1,,,,"BMW, BMW > X, BMW > X > X1, BMW > X > X1 > X1 F48",,,https://ac-schnitzer-cdn.de/media/image/89/83/d8/X1-F48.jpg,,,,,,,,,,,,,,,,,,,,,,,,,,0,,,,
simple,,"AC Schnitzer 19"" wheel & tyre set AC1 BiColor Continental for BMW X1 F48",1,0,visible,,,,,taxable,,1,,0,0,,,,,1,,,,"BMW, BMW > X, BMW > X > X1, BMW > X > X1 > X1 F48, BMW > X > X1 > X1 F48 > Wheel Tyre Sets, BMW > X > X1 > X1 F48 > Wheel Tyre Sets > Wheel Tyre Sets AC1 Bicolor",,,,,,,,,,,,,,,,,,,,,,,,,,,,,0,,,,
simple,,"AC Schnitzer wheel 7.5 x 19"" type AC1 BiColor offset 49 for BMW X1 F48",1,0,visible,,,,,taxable,,1,,0,0,,,,,1,,,,"BMW, BMW > X, BMW > X > X1, BMW > X > X1 > X1 F48, BMW > X > X1 > X1 F48 > Wheels, BMW > X > X1 > X1 F48 > Wheels > Wheels AC1 Bicolor",,,,,,,,,,,,,,,,,,,,,,,,,,,,,0,,,,
simple,,"AC Schnitzer 23"" wheel & tyre set type VIII multipiece Continental for BMW X6M F86",1,0,visible,,,,,taxable,,1,,0,0,,,,,1,,,,"BMW, BMW > M",,,,,,,,,,,,,,,,,,,,,,,,,,,,,0,,,,
simple,,AC Schnitzer performance upgrade for BMW XM G09 Plug-in-Hybrid,1,0,visible,,,,,taxable,,1,,0,0,,,,,1,,,,"BMW, BMW > M, BMW > M > Xm",,,,,,,,,,,,,,,,,,,,,,,,,,,,,0,,,,
simple,,,1,0,visible,,,,,taxable,,0,,0,0,,,,,1,,,,"BMW, BMW > M, BMW > M > Xm, BMW > M > Xm > Xm G09",,,https://ac-schnitzer-cdn.de/media/image/46/a0/a4/XM-G09.jpg,,,,,,,,,,,,,,,,,,,,,,,,,,0,,,,
simple,,"AC Schnitzer 23"" wheel & tyre set type VIII multipiece Continental for BMW X6M F86",1,0,visible,,,,,taxable,,1,,0,0,,,,,1,,,,"BMW, BMW > M, BMW > M > X6m",,,,,,,,,,,,,,,,,,,,,,,,,,,,,0,,,,
simple,,"AC Schnitzer FA 22"" and RA 23"" wheel & tyre set AC5 BiColor Continental for BMW X6M F96",1,0,visible,,,,,taxable,,1,,0,0,,,,,1,,,,"BMW, BMW > M, BMW > M > X6m, BMW > M > X6m > X6m F96",,,,,,,,,,,,,,,,,,,,,,,,,,,,,0,,,,
simple,,"AC Schnitzer 23"" wheel & tyre set type VIII multipiece Continental for BMW X6M F86",1,0,visible,,,,,taxable,,1,,0,0,,,,,1,,,,"BMW, BMW > M, BMW > M > X6m, BMW > M > X6m > X6m F86",,,,,,,,,,,,,,,,,,,,,,,,,,,,,0,,,,
simple,,AC Schnitzer performance upgrade for BMW X5M F85,1,0,visible,,,,,taxable,,1,,0,0,,,,,1,,,,"BMW, BMW > M, BMW > M > X5m",,,,,,,,,,,,,,,,,,,,,,,,,,,,,0,,,,
simple,,"AC Schnitzer FA 22"" and RA 23"" wheel & tyre set AC5 BiColor Continental for BMW X5M F95",1,0,visible,,,,,taxable,,1,,0,0,,,,,1,,,,"BMW, BMW > M, BMW > M > X5m, BMW > M > X5m > X5m F95",,,,,,,,,,,,,,,,,,,,,,,,,,,,,0,,,,
simple,,AC Schnitzer performance upgrade for BMW X5M F85,1,0,visible,,,,,taxable,,1,,0,0,,,,,1,,,,"BMW, BMW > M, BMW > M > X5m, BMW > M > X5m > X5m F85",,,,,,,,,,,,,,,,,,,,,,,,,,,,,0,,,,
simple,,,1,0,visible,,,,,taxable,,0,,0,0,,,,,1,,,,"BMW, BMW > M, BMW > M > X4m",,,https://ac-schnitzer-cdn.de/media/vector/32/df/8c/ac-schnitzer-logo.svg,,,,,,,,,,,,,,,,,,,,,,,,,,0,,,,
simple,,,1,0,visible,,,,,taxable,,0,,0,0,,,,,1,,,,"BMW, BMW > M, BMW > M > X4m, BMW > M > X4m > X4m F98",,,https://ac-schnitzer-cdn.de/media/image/50/58/25/X4M-F98.jpg,,,,,,,,,,,,,,,,,,,,,,,,,,0,,,,
simple,,,1,0,visible,,,,,taxable,,0,,0,0,,,,,1,,,,"BMW, BMW > M, BMW > M > X3m",,,https://ac-schnitzer-cdn.de/media/vector/32/df/8c/ac-schnitzer-logo.svg,,,,,,,,,,,,,,,,,,,,,,,,,,0,,,,
simple,,,1,0,visible,,,,,taxable,,0,,0,0,,,,,1,,,,"BMW, BMW > M, BMW > M > X3m, BMW > M > X3m > X3m F97",,,https://ac-schnitzer-cdn.de/media/image/d4/6d/f5/X3M-F97.jpg,,,,,,,,,,,,,,,,,,,,,,,,,,0,,,,
simple,,,1,0,visible,,,,,taxable,,0,,0,0,,,,,1,,,,"BMW, BMW > M, BMW > M > M8",,,https://ac-schnitzer-cdn.de/media/vector/32/df/8c/ac-schnitzer-logo.svg,,,,,,,,,,,,,,,,,,,,,,,,,,0,,,,
simple,,,1,0,visible,,,,,taxable,,0,,0,0,,,,,1,,,,"BMW, BMW > M, BMW > M > M8, BMW > M > M8 > M8 F91f92",,,https://ac-schnitzer-cdn.de/media/image/88/6d/be/M8-F91-F92.jpg,,,,,,,,,,,,,,,,,,,,,,,,,,0,,,,
simple,,"AC Schnitzer 21"" wheel & tyre set AC4 forged Techgold Michelin for BMW M8 F91/F92",1,0,visible,,,,,taxable,,1,,0,0,,,,,1,,,,"BMW, BMW > M, BMW > M > M8, BMW > M > M8 > M8 F91f92, BMW > M > M8 > M8 F91f92 > Wheel Tyre Sets, BMW > M > M8 > M8 F91f92 > Wheel Tyre Sets > Wheel Tyre Sets AC4 Forged Techgold",,,,,,,,,,,,,,,,,,,,,,,,,,,,,0,,,,
simple,,"AC Schnitzer 21"" wheel & tyre set AC4 forged black Michelin for BMW M8 F91/F92",1,0,visible,,,,,taxable,,1,,0,0,,,,,1,,,,"BMW, BMW > M, BMW > M > M8, BMW > M > M8 > M8 F91f92, BMW > M > M8 > M8 F91f92 > Wheel Tyre Sets, BMW > M > M8 > M8 F91f92 > Wheel Tyre Sets > Wheel Tyre Sets AC4 Forged Black",,,,,,,,,,,,,,,,,,,,,,,,,,,,,0,,,,
simple,,"AC Schnitzer 21"" wheel & tyre set AC3 Evo forged silver-anthracite Michelin for BMW M8",1,0,visible,,,,,taxable,,1,,0,0,,,,,1,,,,"BMW, BMW > M, BMW > M > M8, BMW > M > M8 > M8 F91f92, BMW > M > M8 > M8 F91f92 > Wheel Tyre Sets, BMW > M > M8 > M8 F91f92 > Wheel Tyre Sets > Wheel Tyre Sets AC3 Evo Forged Silver Anthracite",,,,,,,,,,,,,,,,,,,,,,,,,,,,,0,,,,
simple,,"AC Schnitzer 21"" wheel & tyre set AC3 Evo forged anthracite-silver Michelin for BMW M8",1,0,visible,,,,,taxable,,1,,0,0,,,,,1,,,,"BMW, BMW > M, BMW > M > M8, BMW > M > M8 > M8 F91f92, BMW > M > M8 > M8 F91f92 > Wheel Tyre Sets, BMW > M > M8 > M8 F91f92 > Wheel Tyre Sets > Wheel Tyre Sets AC3 Evo Forged Anthracite Silver",,,,,,,,,,,,,,,,,,,,,,,,,,,,,0,,,,
simple,,"AC Schnitzer wheel 10.0 x 21"" AC4 ""techgold"" for BMW M8 F91/F92",1,0,visible,,,,,taxable,,1,,0,0,,,,,1,,,,"BMW, BMW > M, BMW > M > M8, BMW > M > M8 > M8 F91f92, BMW > M > M8 > M8 F91f92 > Wheels, BMW > M > M8 > M8 F91f92 > Wheels > Wheels AC4 Forged Techgold",,,,,,,,,,,,,,,,,,,,,,,,,,,,,0,,,,
simple,,"AC Schnitzer wheel 10.0 x 21"" AC4 Black for BMW M8 F91/F92",1,0,visible,,,,,taxable,,1,,0,0,,,,,1,,,,"BMW, BMW > M, BMW > M > M8, BMW > M > M8 > M8 F91f92, BMW > M > M8 > M8 F91f92 > Wheels, BMW > M > M8 > M8 F91f92 > Wheels > Wheels AC4 Forged Black",,,,,,,,,,,,,,,,,,,,,,,,,,,,,0,,,,
simple,,"AC Schnitzer wheel 10.0 x 21"" AC3 Evo ""silver-anthracite"" offset 22 for BMW M8 F91/F92",1,0,visible,,,,,taxable,,1,,0,0,,,,,1,,,,"BMW, BMW > M, BMW > M > M8, BMW > M > M8 > M8 F91f92, BMW > M > M8 > M8 F91f92 > Wheels, BMW > M > M8 > M8 F91f92 > Wheels > Wheels AC3 Evo Forged Silver Anthracite",,,,,,,,,,,,,,,,,,,,,,,,,,,,,0,,,,
simple,,"AC Schnitzer wheel 10.0 x 21"" AC3 Evo ""anthracite-silver"" offset 22 for BMW M8 F91/F92",1,0,visible,,,,,taxable,,1,,0,0,,,,,1,,,,"BMW, BMW > M, BMW > M > M8, BMW > M > M8 > M8 F91f92, BMW > M > M8 > M8 F91f92 > Wheels, BMW > M > M8 > M8 F91f92 > Wheels > Wheels AC3 Evo Forged Anthracite Silver",,,,,,,,,,,,,,,,,,,,,,,,,,,,,0,,,,
simple,,,1,0,visible,,,,,taxable,,0,,0,0,,,,,1,,,,"BMW, BMW > M, BMW > M > M8, BMW > M > M8 > M8 F93",,,https://ac-schnitzer-cdn.de/media/image/fb/e2/e3/M8-F93.jpg,,,,,,,,,,,,,,,,,,,,,,,,,,0,,,,
simple,,,1,0,visible,,,,,taxable,,0,,0,0,,,,,1,,,,"BMW, BMW > M, BMW > M > M5",,,https://ac-schnitzer-cdn.de/media/vector/32/df/8c/ac-schnitzer-logo.svg,,,,,,,,,,,,,,,,,,,,,,,,,,0,,,,
simple,,,1,0,visible,,,,,taxable,,0,,0,0,,,,,1,,,,"BMW, BMW > M, BMW > M > M5, BMW > M > M5 > M5 G90g99",,,https://ac-schnitzer-cdn.de/media/image/ba/b4/0c/M5-G90-G99.jpg,,,,,,,,,,,,,,,,,,,,,,,,,,0,,,,
simple,,"AC Schnitzer 21"" winter wheel set AC6 forged black Continental for BMW M5 G90/G99",1,0,visible,,,,,taxable,,1,,0,0,,,,,1,,,,"BMW, BMW > M, BMW > M > M5, BMW > M > M5 > M5 G90g99, BMW > M > M5 > M5 G90g99 > Wheel Tyre Sets, BMW > M > M5 > M5 G90g99 > Wheel Tyre Sets > Wheel Tyre Sets AC6 Forged Black",,,,,,,,,,,,,,,,,,,,,,,,,,,,,0,,,,
simple,,"AC Schnitzer 21"" wheel & tyre set AC6 forged ceramic compacted Yokohama for BMW M5 G90/G99",1,0,visible,,,,,taxable,,1,,0,0,,,,,1,,,,"BMW, BMW > M, BMW > M > M5, BMW > M > M5 > M5 G90g99, BMW > M > M5 > M5 G90g99 > Wheel Tyre Sets, BMW > M > M5 > M5 G90g99 > Wheel Tyre Sets > Wheel Tyre Sets Forged AC6 Alu Ceramic Compacted",,,,,,,,,,,,,,,,,,,,,,,,,,,,,0,,,,
simple,,"AC Schnitzer wheel 11.0 x 21"" AC6 ""black"" offset 22 for BMW M5 G90/G99",1,0,visible,,,,,taxable,,1,,0,0,,,,,1,,,,"BMW, BMW > M, BMW > M > M5, BMW > M > M5 > M5 G90g99, BMW > M > M5 > M5 G90g99 > Wheels, BMW > M > M5 > M5 G90g99 > Wheels > Wheels AC6 Forged Black",,,,,,,,,,,,,,,,,,,,,,,,,,,,,0,,,,
simple,,"AC Schnitzer wheel 11.0 x 21"" AC6 ""ceramic compacted"" offset 22 for BMW M5 G90/G99",1,0,visible,,,,,taxable,,1,,0,0,,,,,1,,,,"BMW, BMW > M, BMW > M > M5, BMW > M > M5 > M5 G90g99, BMW > M > M5 > M5 G90g99 > Wheels, BMW > M > M5 > M5 G90g99 > Wheels > Wheels AC6 Forged Alu Ceramic Compacted",,,,,,,,,,,,,,,,,,,,,,,,,,,,,0,,,,
simple,,,1,0,visible,,,,,taxable,,0,,0,0,,,,,1,,,,"BMW, BMW > M, BMW > M > M5, BMW > M > M5 > M5 F90",,,https://ac-schnitzer-cdn.de/media/image/d6/22/a0/M5-F90.jpg,,,,,,,,,,,,,,,,,,,,,,,,,,0,,,,
simple,,,1,0,visible,,,,,taxable,,0,,0,0,,,,,1,,,,"BMW, BMW > M, BMW > M > M4",,,https://ac-schnitzer-cdn.de/media/vector/32/df/8c/ac-schnitzer-logo.svg,,,,,,,,,,,,,,,,,,,,,,,,,,0,,,,
simple,,,1,0,visible,,,,,taxable,,0,,0,0,,,,,1,,,,"BMW, BMW > M, BMW > M > M4, BMW > M > M4 > M4 G82g83",,,https://ac-schnitzer-cdn.de/media/image/df/69/c7/M4-G82-G83.jpg,,,,,,,,,,,,,,,,,,,,,,,,,,0,,,,
simple,,AC Schnitzer RS adjustable suspension  for BMW M4 G83 xDrive,1,0,visible,,,,,taxable,,1,,0,0,,,,,1,,,,"BMW, BMW > M, BMW > M > M4, BMW > M > M4 > M4 G82g83, BMW > M > M4 > M4 G82g83 > Suspension, BMW > M > M4 > M4 G82g83 > Suspension > Rs Adjustable Suspension",,,,,,,,,,,,,,,,,,,,,,,,,,,,,0,,,,
simple,,"AC Schnitzer 20""/21"" wheel & tyre set AC6 silver Michelin for BMW M4 G82/G83",1,0,visible,,,,,taxable,,1,,0,0,,,,,1,,,,"BMW, BMW > M, BMW > M > M4, BMW > M > M4 > M4 G82g83, BMW > M > M4 > M4 G82g83 > Wheel Tyre Sets, BMW > M > M4 > M4 G82g83 > Wheel Tyre Sets > Wheel Tyre Sets AC6 Silver",,,,,,,,,,,,,,,,,,,,,,,,,,,,,0,,,,
simple,,"AC Schnitzer 20"" wheel & tyre set AC6 black winter Continental for BMW M4 G82/G83",1,0,visible,,,,,taxable,,1,,0,0,,,,,1,,,,"BMW, BMW > M, BMW > M > M4, BMW > M > M4 > M4 G82g83, BMW > M > M4 > M4 G82g83 > Wheel Tyre Sets, BMW > M > M4 > M4 G82g83 > Wheel Tyre Sets > Wheel Tyre Sets AC6 Black",,,,,,,,,,,,,,,,,,,,,,,,,,,,,0,,,,
simple,,"AC Schnitzer 20"" wheel & tyre set AC3 forged anthracite-silver Michelin for BMW M4 G82/G83",1,0,visible,,,,,taxable,,1,,0,0,,,,,1,,,,"BMW, BMW > M, BMW > M > M4, BMW > M > M4 > M4 G82g83, BMW > M > M4 > M4 G82g83 > Wheel Tyre Sets, BMW > M > M4 > M4 G82g83 > Wheel Tyre Sets > Wheel Tyre Sets AC3 Forged Anthracite Silver",,,,,,,,,,,,,,,,,,,,,,,,,,,,,0,,,,
simple,,"AC Schnitzer wheel 10,5 x 21"" Type AC6 ""Silver"" offset 10 for BMW M4 G82/G83",1,0,visible,,,,,taxable,,1,,0,0,,,,,1,,,,"BMW, BMW > M, BMW > M > M4, BMW > M > M4 > M4 G82g83, BMW > M > M4 > M4 G82g83 > Wheels, BMW > M > M4 > M4 G82g83 > Wheels > Wheels AC6 Silver",,,,,,,,,,,,,,,,,,,,,,,,,,,,,0,,,,
simple,,"AC Schnitzer wheel 10,5 x 21"" Type AC6 ""Black"" offset 10 for BMW M4 G82/G83",1,0,visible,,,,,taxable,,1,,0,0,,,,,1,,,,"BMW, BMW > M, BMW > M > M4, BMW > M > M4 > M4 G82g83, BMW > M > M4 > M4 G82g83 > Wheels, BMW > M > M4 > M4 G82g83 > Wheels > Wheels AC6 Black",,,,,,,,,,,,,,,,,,,,,,,,,,,,,0,,,,
simple,,"AC Schnitzer wheel 10,0 x 20"" AC3 ""anthracite-silver"" offset 33 for BMW M4 G82/G83",1,0,visible,,,,,taxable,,1,,0,0,,,,,1,,,,"BMW, BMW > M, BMW > M > M4, BMW > M > M4 > M4 G82g83, BMW > M > M4 > M4 G82g83 > Wheels, BMW > M > M4 > M4 G82g83 > Wheels > Wheels AC3 Forged Anthracite Silver",,,,,,,,,,,,,,,,,,,,,,,,,,,,,0,,,,
simple,,,1,0,visible,,,,,taxable,,0,,0,0,,,,,1,,,,"BMW, BMW > M, BMW > M > M4, BMW > M > M4 > M4 F82f83",,,https://ac-schnitzer-cdn.de/media/image/b7/71/b3/M4-F82-F83.jpg,,,,,,,,,,,,,,,,,,,,,,,,,,0,,,,
simple,,"AC Schnitzer 20"" wheel & tyre set AC3 forged silver-anthracite Michelin for BMW M4 F82/F83",1,0,visible,,,,,taxable,,1,,0,0,,,,,1,,,,"BMW, BMW > M, BMW > M > M4, BMW > M > M4 > M4 F82f83, BMW > M > M4 > M4 F82f83 > Wheel Tyre Sets, BMW > M > M4 > M4 F82f83 > Wheel Tyre Sets > Wheel Tyre Sets AC3 Forged Silver Anthracite",,,,,,,,,,,,,,,,,,,,,,,,,,,,,0,,,,
simple,,,1,0,visible,,,,,taxable,,0,,0,0,,,,,1,,,,"BMW, BMW > M, BMW > M > M3",,,https://ac-schnitzer-cdn.de/media/vector/32/df/8c/ac-schnitzer-logo.svg,,,,,,,,,,,,,,,,,,,,,,,,,,0,,,,
simple,,,1,0,visible,,,,,taxable,,0,,0,0,,,,,1,,,,"BMW, BMW > M, BMW > M > M3, BMW > M > M3 > M3 G80g81",,,https://ac-schnitzer-cdn.de/media/image/2b/4d/89/M3-G80-G81.jpg,,,,,,,,,,,,,,,,,,,,,,,,,,0,,,,
simple,,,1,0,visible,,,,,taxable,,0,,0,0,,,,,1,,,,"BMW, BMW > M, BMW > M > M3, BMW > M > M3 > M3 F80",,,https://ac-schnitzer-cdn.de/media/image/88/bd/bb/M3-F80.jpg,,,,,,,,,,,,,,,,,,,,,,,,,,0,,,,
simple,,,1,0,visible,,,,,taxable,,0,,0,0,,,,,1,,,,"BMW, BMW > M, BMW > M > M2",,,https://ac-schnitzer-cdn.de/media/vector/32/df/8c/ac-schnitzer-logo.svg,,,,,,,,,,,,,,,,,,,,,,,,,,0,,,,
simple,,,1,0,visible,,,,,taxable,,0,,0,0,,,,,1,,,,"BMW, BMW > M, BMW > M > M2, BMW > M > M2 > M2 G87",,,https://ac-schnitzer-cdn.de/media/image/b7/70/d7/M2-G87.jpg,,,,,,,,,,,,,,,,,,,,,,,,,,0,,,,
simple,,,1,0,visible,,,,,taxable,,0,,0,0,,,,,1,,,,"BMW, BMW > M, BMW > M > M2, BMW > M > M2 > M2 F87 COMPETITIONM2 Cs",,,https://ac-schnitzer-cdn.de/media/image/42/38/e6/M2-F87-Competition-M2-CS.jpg,,,,,,,,,,,,,,,,,,,,,,,,,,0,,,,
simple,,,1,0,visible,,,,,taxable,,0,,0,0,,,,,1,,,,"BMW, BMW > M, BMW > M > M2, BMW > M > M2 > M2 F87",,,https://ac-schnitzer-cdn.de/media/image/ff/16/b1/M2-F87.jpg,,,,,,,,,,,,,,,,,,,,,,,,,,0,,,,
simple,,AC Schnitzer intercooler step 2 for BMW M2 F87,1,0,visible,,,,,taxable,,1,,0,0,,,,,1,,,,"BMW, BMW > M, BMW > M > M2, BMW > M > M2 > M2 F87, BMW > M > M2 > M2 F87 > Engine, BMW > M > M2 > M2 F87 > Engine > Air Intercooler",,,,,,,,,,,,,,,,,,,,,,,,,,,,,0,,,,
simple,,"AC Schnitzer 21"" wheel & tyre set type VIII forged Michelin for BMW 3 series F30/F31",1,0,visible,,,,,taxable,,1,,0,0,,,,,1,,,,"BMW, BMW > 8 1",,,,,,,,,,,,,,,,,,,,,,,,,,,,,0,,,,
simple,,,1,0,visible,,,,,taxable,,0,,0,0,,,,,1,,,,"BMW, BMW > 8 1",,,https://ac-schnitzer-cdn.de/media/vector/32/df/8c/ac-schnitzer-logo.svg,,,,,,,,,,,,,,,,,,,,,,,,,,0,,,,
simple,,,1,0,visible,,,,,taxable,,0,,0,0,,,,,1,,,,"BMW, BMW > 8 1",,,https://ac-schnitzer-cdn.de/media/image/76/9b/b9/8er-G16.jpg,,,,,,,,,,,,,,,,,,,,,,,,,,0,,,,
simple,,"AC Schnitzer 21"" wheel & tyre set AC3 FlowForming silver-anthracite Continental for BMW 8 Series...",1,0,visible,,,,,taxable,,1,,0,0,,,,,1,,,,"BMW, BMW > 8 1",,,,,,,,,,,,,,,,,,,,,,,,,,,,,0,,,,
simple,,"AC Schnitzer 21"" wheel & tyre set AC3 FlowForming black Continental for BMW 8 Series G16",1,0,visible,,,,,taxable,,1,,0,0,,,,,1,,,,"BMW, BMW > 8 1",,,,,,,,,,,,,,,,,,,,,,,,,,,,,0,,,,
simple,,"AC Schnitzer wheel 10,0 x 21"" AC3 FlowForming ""silver-anthracite"" offset 40 for BMW 8 series G16...",1,0,visible,,,,,taxable,,1,,0,0,,,,,1,,,,"BMW, BMW > 8 1",,,,,,,,,,,,,,,,,,,,,,,,,,,,,0,,,,
simple,,"AC Schnitzer wheel 10,0 x 21"" AC3 FlowForming ""silver-anthracite"" offset 40 for BMW 8 series G16...",1,0,visible,,,,,taxable,,1,,0,0,,,,,1,,,,"BMW, BMW > 8 1",,,,,,,,,,,,,,,,,,,,,,,,,,,,,0,,,,
simple,,"AC Schnitzer wheel 10,0 x 21"" AC3 FlowForming ""black"" offset 40 for BMW 8 series G16",1,0,visible,,,,,taxable,,1,,0,0,,,,,1,,,,"BMW, BMW > 8 1",,,,,,,,,,,,,,,,,,,,,,,,,,,,,0,,,,
simple,,,1,0,visible,,,,,taxable,,0,,0,0,,,,,1,,,,"BMW, BMW > 8 1",,,https://ac-schnitzer-cdn.de/media/image/f8/14/7c/8er-G14-G15.jpg,,,,,,,,,,,,,,,,,,,,,,,,,,0,,,,
simple,,,1,0,visible,,,,,taxable,,0,,0,0,,,,,1,,,,"BMW, BMW > 8 1",,,https://ac-schnitzer-cdn.de/media/vector/32/df/8c/ac-schnitzer-logo.svg,,,,,,,,,,,,,,,,,,,,,,,,,,0,,,,
simple,,,1,0,visible,,,,,taxable,,0,,0,0,,,,,1,,,,"BMW, BMW > 8 1",,,https://ac-schnitzer-cdn.de/media/image/ba/03/a1/7er-G11-G12.jpg,,,,,,,,,,,,,,,,,,,,,,,,,,0,,,,
simple,,,1,0,visible,,,,,taxable,,0,,0,0,,,,,1,,,,"BMW, BMW > 8 1",,,https://ac-schnitzer-cdn.de/media/image/b0/34/86/7er-F01-F02.jpg,,,,,,,,,,,,,,,,,,,,,,,,,,0,,,,
simple,,,1,0,visible,,,,,taxable,,0,,0,0,,,,,1,,,,"BMW, BMW > 8 1",,,https://ac-schnitzer-cdn.de/media/vector/32/df/8c/ac-schnitzer-logo.svg,,,,,,,,,,,,,,,,,,,,,,,,,,0,,,,
simple,,AC Schnitzer performance upgrade for BMW 6 series 640d xDrive G32 GT,1,0,visible,,,,,taxable,,1,,0,0,,,,,1,,,,"BMW, BMW > 8 1",,,,,,,,,,,,,,,,,,,,,,,,,,,,,0,,,,
simple,,,1,0,visible,,,,,taxable,,0,,0,0,,,,,1,,,,"BMW, BMW > 8 1",,,https://ac-schnitzer-cdn.de/media/image/d5/5c/0e/6er-F06.jpg,,,,,,,,,,,,,,,,,,,,,,,,,,0,,,,
simple,,,1,0,visible,,,,,taxable,,0,,0,0,,,,,1,,,,"BMW, BMW > 8 1",,,https://ac-schnitzer-cdn.de/media/image/3a/56/6d/6er-F12-F13.jpg,,,,,,,,,,,,,,,,,,,,,,,,,,0,,,,
simple,,,1,0,visible,,,,,taxable,,0,,0,0,,,,,1,,,,"BMW, BMW > 8 1",,,https://ac-schnitzer-cdn.de/media/vector/32/df/8c/ac-schnitzer-logo.svg,,,,,,,,,,,,,,,,,,,,,,,,,,0,,,,
simple,,,1,0,visible,,,,,taxable,,0,,0,0,,,,,1,,,,"BMW, BMW > 8 1",,,https://ac-schnitzer-cdn.de/media/image/86/e9/7a/5er-G60-G61.jpg,,,,,,,,,,,,,,,,,,,,,,,,,,0,,,,
simple,,,1,0,visible,,,,,taxable,,0,,0,0,,,,,1,,,,"BMW, BMW > 8 1",,,https://ac-schnitzer-cdn.de/media/image/b0/ce/52/5er-G30-G31-LCI.jpg,,,,,,,,,,,,,,,,,,,,,,,,,,0,,,,
simple,,"AC Schnitzer 19"" wheel set AC1 black Continental for BMW 5 Series G30/G31 Sedan and Touring",1,0,visible,,,,,taxable,,1,,0,0,,,,,1,,,,"BMW, BMW > 8 1",,,,,,,,,,,,,,,,,,,,,,,,,,,,,0,,,,
simple,,"AC Schnitzer 19"" wheel set AC1 anthracite Continental for BMW 5 Series G30/G31 Sedan and Touring",1,0,visible,,,,,taxable,,1,,0,0,,,,,1,,,,"BMW, BMW > 8 1",,,,,,,,,,,,,,,,,,,,,,,,,,,,,0,,,,
simple,,"AC Schnitzer wheel 8,5 x 19"" Type AC1 Black offset 43 for BMW 5 series G30/G31",1,0,visible,,,,,taxable,,1,,0,0,,,,,1,,,,"BMW, BMW > 8 1",,,,,,,,,,,,,,,,,,,,,,,,,,,,,0,,,,
simple,,"AC Schnitzer wheel 8,5 x 19"" Type AC1 ""Anthracite"" offset 43 for BMW 5 series G30/G31 LCI",1,0,visible,,,,,taxable,,1,,0,0,,,,,1,,,,"BMW, BMW > 8 1",,,,,,,,,,,,,,,,,,,,,,,,,,,,,0,,,,
simple,,,1,0,visible,,,,,taxable,,0,,0,0,,,,,1,,,,"BMW, BMW > 8 1",,,https://ac-schnitzer-cdn.de/media/image/60/68/9e/5er-G30-G31.jpg,,,,,,,,,,,,,,,,,,,,,,,,,,0,,,,
simple,,,1,0,visible,,,,,taxable,,0,,0,0,,,,,1,,,,"BMW, BMW > 8 1",,,https://ac-schnitzer-cdn.de/media/image/b0/f3/15/5er-F10-F11.jpg,,,,,,,,,,,,,,,,,,,,,,,,,,0,,,,
simple,,,1,0,visible,,,,,taxable,,0,,0,0,,,,,1,,,,"BMW, BMW > 8 1",,,https://ac-schnitzer-cdn.de/media/image/7f/bd/4e/5er-F07-GT.jpg,,,,,,,,,,,,,,,,,,,,,,,,,,0,,,,
simple,,,1,0,visible,,,,,taxable,,0,,0,0,,,,,1,,,,"BMW, BMW > 8 1",,,https://ac-schnitzer-cdn.de/media/vector/32/df/8c/ac-schnitzer-logo.svg,,,,,,,,,,,,,,,,,,,,,,,,,,0,,,,
simple,,,1,0,visible,,,,,taxable,,0,,0,0,,,,,1,,,,"BMW, BMW > 8 1",,,https://ac-schnitzer-cdn.de/media/image/f0/90/0a/4er-G22-G23-LCI.jpg,,,,,,,,,,,,,,,,,,,,,,,,,,0,,,,
simple,,AC Schnitzer sport suspension for BMW 4 series G22 Coupé xDrive EDC,1,0,visible,,,,,taxable,,1,,0,0,,,,,1,,,,"BMW, BMW > 8 1",,,,,,,,,,,,,,,,,,,,,,,,,,,,,0,,,,
simple,,"AC Schnitzer 20"" wheel & tyre set AC4 BiColor Michelin for BMW 4 series G22/G23",1,0,visible,,,,,taxable,,1,,0,0,,,,,1,,,,"BMW, BMW > 8 1",,,,,,,,,,,,,,,,,,,,,,,,,,,,,0,,,,
simple,,"AC Schnitzer 20"" wheel & tyre set AC4 Black Michelin for BMW 4 series G22/G23",1,0,visible,,,,,taxable,,1,,0,0,,,,,1,,,,"BMW, BMW > 8 1",,,,,,,,,,,,,,,,,,,,,,,,,,,,,0,,,,
simple,,"AC Schnitzer wheel 9.5 x 20"" Type AC4 ""BiColor"" offset 50 for BMW 4 series G22/G23",1,0,visible,,,,,taxable,,1,,0,0,,,,,1,,,,"BMW, BMW > 8 1",,,,,,,,,,,,,,,,,,,,,,,,,,,,,0,,,,
simple,,"AC Schnitzer wheel 9.5 x 20"" Type AC4 ""Black"" offset 50 for BMW 4 series G22/G23",1,0,visible,,,,,taxable,,1,,0,0,,,,,1,,,,"BMW, BMW > 8 1",,,,,,,,,,,,,,,,,,,,,,,,,,,,,0,,,,
simple,,,1,0,visible,,,,,taxable,,0,,0,0,,,,,1,,,,"BMW, BMW > 8 1",,,https://ac-schnitzer-cdn.de/media/image/27/8d/b4/4er-G22-G23.jpg,,,,,,,,,,,,,,,,,,,,,,,,,,0,,,,
simple,,,1,0,visible,,,,,taxable,,0,,0,0,,,,,1,,,,"BMW, BMW > 8 1",,,https://ac-schnitzer-cdn.de/media/image/53/79/87/4er-G26.jpg,,,,,,,,,,,,,,,,,,,,,,,,,,0,,,,
simple,,,1,0,visible,,,,,taxable,,0,,0,0,,,,,1,,,,"BMW, BMW > 8 1",,,https://ac-schnitzer-cdn.de/media/image/f7/5b/2a/4er-F32-F33.jpg,,,,,,,,,,,,,,,,,,,,,,,,,,0,,,,
simple,,"AC Schnitzer 21"" wheel & tyre set type VIII forged Michelin for BMW 4 series F32/F33",1,0,visible,,,,,taxable,,1,,0,0,,,,,1,,,,"BMW, BMW > 8 1",,,,,,,,,,,,,,,,,,,,,,,,,,,,,0,,,,
simple,,"AC Schnitzer wheel 9.0 x 21"" Type VIII ""BiColor"" offset 42 for BMW 4 series F32/F33",1,0,visible,,,,,taxable,,1,,0,0,,,,,1,,,,"BMW, BMW > 8 1",,,,,,,,,,,,,,,,,,,,,,,,,,,,,0,,,,
simple,,,1,0,visible,,,,,taxable,,0,,0,0,,,,,1,,,,"BMW, BMW > 8 1",,,https://ac-schnitzer-cdn.de/media/image/b9/59/70/4er-F36.jpg,,,,,,,,,,,,,,,,,,,,,,,,,,0,,,,
simple,,,1,0,visible,,,,,taxable,,0,,0,0,,,,,1,,,,"BMW, BMW > 8 1",,,https://ac-schnitzer-cdn.de/media/vector/32/df/8c/ac-schnitzer-logo.svg,,,,,,,,,,,,,,,,,,,,,,,,,,0,,,,
simple,,,1,0,visible,,,,,taxable,,0,,0,0,,,,,1,,,,"BMW, BMW > 8 1",,,https://ac-schnitzer-cdn.de/media/image/7c/72/31/3er-G20-G21-LCI.jpg,,,,,,,,,,,,,,,,,,,,,,,,,,0,,,,
simple,,,1,0,visible,,,,,taxable,,0,,0,0,,,,,1,,,,"BMW, BMW > 8 1",,,https://ac-schnitzer-cdn.de/media/image/73/d8/c5/3er-G20-G21.jpg,,,,,,,,,,,,,,,,,,,,,,,,,,0,,,,
simple,,,1,0,visible,,,,,taxable,,0,,0,0,,,,,1,,,,"BMW, BMW > 8 1",,,https://ac-schnitzer-cdn.de/media/image/91/f7/e4/3er-F30-F31.jpg,,,,,,,,,,,,,,,,,,,,,,,,,,0,,,,
simple,,,1,0,visible,,,,,taxable,,0,,0,0,,,,,1,,,,"BMW, BMW > 8 1",,,https://ac-schnitzer-cdn.de/media/image/47/f7/10/3er-F34-GT.jpg,,,,,,,,,,,,,,,,,,,,,,,,,,0,,,,
simple,,,1,0,visible,,,,,taxable,,0,,0,0,,,,,1,,,,"BMW, BMW > 8 1",,,https://ac-schnitzer-cdn.de/media/vector/32/df/8c/ac-schnitzer-logo.svg,,,,,,,,,,,,,,,,,,,,,,,,,,0,,,,
simple,,,1,0,visible,,,,,taxable,,0,,0,0,,,,,1,,,,"BMW, BMW > 8 1",,,https://ac-schnitzer-cdn.de/media/image/24/26/68/2er-G42.jpg,,,,,,,,,,,,,,,,,,,,,,,,,,0,,,,
simple,,AC Schnitzer aerodynamics package for BMW 2 series G42 Coupé,1,0,visible,,,,,taxable,,1,,0,0,,,,,1,,,,"BMW, BMW > 8 1",,,,,,,,,,,,,,,,,,,,,,,,,,,,,0,,,,
simple,,,1,0,visible,,,,,taxable,,0,,0,0,,,,,1,,,,"BMW, BMW > 8 1",,,https://ac-schnitzer-cdn.de/media/image/82/f8/96/2er-F22-F23.jpg,,,,,,,,,,,,,,,,,,,,,,,,,,0,,,,
simple,,"AC Schnitzer 19"" wheel & tyre set AC1 Black Continental for BMW 2 series F45 Active Tourer",1,0,visible,,,,,taxable,,1,,0,0,,,,,1,,,,"BMW, BMW > 8 1",,,,,,,,,,,,,,,,,,,,,,,,,,,,,0,,,,
simple,,,1,0,visible,,,,,taxable,,0,,0,0,,,,,1,,,,"BMW, BMW > 8 1",,,https://ac-schnitzer-cdn.de/media/vector/32/df/8c/ac-schnitzer-logo.svg,,,,,,,,,,,,,,,,,,,,,,,,,,0,,,,
simple,,,1,0,visible,,,,,taxable,,0,,0,0,,,,,1,,,,"BMW, BMW > 8 1",,,https://ac-schnitzer-cdn.de/media/image/b3/ee/42/1er-F40.jpg,,,,,,,,,,,,,,,,,,,,,,,,,,0,,,,
simple,,,1,0,visible,,,,,taxable,,0,,0,0,,,,,1,,,,"BMW, BMW > 8 1",,,https://ac-schnitzer-cdn.de/media/image/ab/52/ee/1er-F20-F21.jpg,,,,,,,,,,,,,,,,,,,,,,,,,,0,,,,
simple,,"AC Schnitzer 21"" wheel & tyre set AC3 FlowForming silver-anthracite Michelin for BMW Z4 G29",1,0,visible,,,,,taxable,,1,,0,0,,,,,1,,,,"BMW, BMW > Z",,,,,,,,,,,,,,,,,,,,,,,,,,,,,0,,,,
simple,,,1,0,visible,,,,,taxable,,0,,0,0,,,,,1,,,,"BMW, BMW > Z, BMW > Z > Z4, BMW > Z > Z4 > Z4 G29",,,https://ac-schnitzer-cdn.de/media/image/93/9a/5b/Z4-G29.jpg,,,,,,,,,,,,,,,,,,,,,,,,,,0,,,,
simple,,,1,0,visible,,,,,taxable,,0,,0,0,,,,,1,,,,Accessoires,,,https://ac-schnitzer-cdn.de/media/vector/32/df/8c/ac-schnitzer-logo.svg,,,,,,,,,,,,,,,,,,,,,,,,,,0,,,,
simple,,,1,0,visible,,,,,taxable,,0,,0,0,,,,,1,,,,MINI,,,https://ac-schnitzer-cdn.de/media/vector/32/df/8c/ac-schnitzer-logo.svg,,,,,,,,,,,,,,,,,,,,,,,,,,0,,,,
simple,,"AC Schnitzer 19"" ET40 winter wheel & tyre set AC1 Black Hankook for MINI F66",1,0,visible,,,,,taxable,,1,,0,0,,,,,1,,,,"MINI, MINI > Electric",,,,,,,,,,,,,,,,,,,,,,,,,,,,,0,,,,
simple,,,1,0,visible,,,,,taxable,,0,,0,0,,,,,1,,,,"MINI, MINI > Electric, MINI > Electric > J01 Cooper Esejcw",,,https://ac-schnitzer-cdn.de/media/image/c3/6e/ae/J01-Cooper-E-SE-JCW.jpg,,,,,,,,,,,,,,,,,,,,,,,,,,0,,,,
simple,,"AC Schnitzer 19"" offset 40 wheel & tyre set MI3 BiColor Hankook for MINI J01",1,0,visible,,,,,taxable,,1,,0,0,,,,,1,,,,"MINI, MINI > Electric, MINI > Electric > J01 Cooper Esejcw, MINI > Electric > J01 Cooper Esejcw > Wheel Tyre Sets, MINI > Electric > J01 Cooper Esejcw > Wheel Tyre Sets > Wheel Tyre Sets MI3 Bicolor",,,,,,,,,,,,,,,,,,,,,,,,,,,,,0,,,,
simple,,"AC Schnitzer 19"" ET40 winter wheel & tyre set AC1 Black Hankook for MINI F66",1,0,visible,,,,,taxable,,1,,0,0,,,,,1,,,,"MINI, MINI > Electric, MINI > Electric > J01 Cooper Esejcw, MINI > Electric > J01 Cooper Esejcw > Wheel Tyre Sets, MINI > Electric > J01 Cooper Esejcw > Wheel Tyre Sets > Wheel Tyre Sets MI3 Black",,,,,,,,,,,,,,,,,,,,,,,,,,,,,0,,,,
simple,,"AC Schnitzer wheel 7.5 x 19"" type MI3 BiColor offset 40 für Mini J01",1,0,visible,,,,,taxable,,1,,0,0,,,,,1,,,,"MINI, MINI > Electric, MINI > Electric > J01 Cooper Esejcw, MINI > Electric > J01 Cooper Esejcw > Wheels, MINI > Electric > J01 Cooper Esejcw > Wheels > Wheels MI3 Bicolor",,,,,,,,,,,,,,,,,,,,,,,,,,,,,0,,,,
simple,,"AC Schnitzer wheel 7.5 x 19"" type MI3 Black offset 49 for MINI J01",1,0,visible,,,,,taxable,,1,,0,0,,,,,1,,,,"MINI, MINI > Electric, MINI > Electric > J01 Cooper Esejcw, MINI > Electric > J01 Cooper Esejcw > Wheels, MINI > Electric > J01 Cooper Esejcw > Wheels > Wheels MI3 Black",,,,,,,,,,,,,,,,,,,,,,,,,,,,,0,,,,
simple,,AC Schnitzer rear roof wing for MINI J01 with Sport Trim,1,0,visible,,,,,taxable,,1,,0,0,,,,,1,,,,"MINI, MINI > Electric, MINI > Electric > J01 Cooper Esejcw, MINI > Electric > J01 Cooper Esejcw > Aerodynamics, MINI > Electric > J01 Cooper Esejcw > Aerodynamics > With Sport Style",,,,,,,,,,,,,,,,,,,,,,,,,,,,,0,,,,
simple,,AC Schnitzer decal set side for MINI J01,1,0,visible,,,,,taxable,,1,,0,0,,,,,1,,,,"MINI, MINI > Electric, MINI > Electric > J01 Cooper Esejcw, MINI > Electric > J01 Cooper Esejcw > Aerodynamics, MINI > Electric > J01 Cooper Esejcw > Aerodynamics > Without Sport Style",,,,,,,,,,,,,,,,,,,,,,,,,,,,,0,,,,
simple,,,1,0,visible,,,,,taxable,,0,,0,0,,,,,1,,,,"MINI, MINI > Electric, MINI > Electric > 3 Door F56 Cooper Se",,,https://ac-schnitzer-cdn.de/media/image/15/58/48/3-door-F56-Cooper-SE.jpg,,,,,,,,,,,,,,,,,,,,,,,,,,0,,,,
simple,,,1,0,visible,,,,,taxable,,0,,0,0,,,,,1,,,,"MINI, MINI > 3 Door",,,https://ac-schnitzer-cdn.de/media/vector/32/df/8c/ac-schnitzer-logo.svg,,,,,,,,,,,,,,,,,,,,,,,,,,0,,,,
simple,,,1,0,visible,,,,,taxable,,0,,0,0,,,,,1,,,,"MINI, MINI > 3 Door, MINI > 3 Door > 3 Door F66",,,https://ac-schnitzer-cdn.de/media/image/2f/49/a9/3-door-F66.jpg,,,,,,,,,,,,,,,,,,,,,,,,,,0,,,,
simple,,,1,0,visible,,,,,taxable,,0,,0,0,,,,,1,,,,"MINI, MINI > 3 Door, MINI > 3 Door > 3 Door F56 Gp",,,https://ac-schnitzer-cdn.de/media/image/e1/24/bf/3-door-F56-GP.jpg,,,,,,,,,,,,,,,,,,,,,,,,,,0,,,,
simple,,,1,0,visible,,,,,taxable,,0,,0,0,,,,,1,,,,"MINI, MINI > 3 Door, MINI > 3 Door > 3 Door F56",,,https://ac-schnitzer-cdn.de/media/image/b4/02/ae/3-door-F56.jpg,,,,,,,,,,,,,,,,,,,,,,,,,,0,,,,
simple,,AC Schnitzer performance upgrade for MINI F55 Cooper S from 03/2018,1,0,visible,,,,,taxable,,1,,0,0,,,,,1,,,,"MINI, MINI > 5 Door",,,,,,,,,,,,,,,,,,,,,,,,,,,,,0,,,,
simple,,,1,0,visible,,,,,taxable,,0,,0,0,,,,,1,,,,"MINI, MINI > 5 Door, MINI > 5 Door > 5 Door F65",,,https://ac-schnitzer-cdn.de/media/image/2e/0c/04/5-door-F65.jpg,,,,,,,,,,,,,,,,,,,,,,,,,,0,,,,
simple,,AC Schnitzer performance upgrade for MINI F55 Cooper S from 03/2018,1,0,visible,,,,,taxable,,1,,0,0,,,,,1,,,,"MINI, MINI > 5 Door, MINI > 5 Door > 5 Door F55",,,,,,,,,,,,,,,,,,,,,,,,,,,,,0,,,,
simple,,,1,0,visible,,,,,taxable,,0,,0,0,,,,,1,,,,"MINI, MINI > Clubman",,,https://ac-schnitzer-cdn.de/media/vector/32/df/8c/ac-schnitzer-logo.svg,,,,,,,,,,,,,,,,,,,,,,,,,,0,,,,
simple,,,1,0,visible,,,,,taxable,,0,,0,0,,,,,1,,,,"MINI, MINI > Clubman, MINI > Clubman > Clubman F54",,,https://ac-schnitzer-cdn.de/media/image/ba/42/95/Clubman-F54.jpg,,,,,,,,,,,,,,,,,,,,,,,,,,0,,,,
simple,,,1,0,visible,,,,,taxable,,0,,0,0,,,,,1,,,,"MINI, MINI > Convertible",,,https://ac-schnitzer-cdn.de/media/vector/32/df/8c/ac-schnitzer-logo.svg,,,,,,,,,,,,,,,,,,,,,,,,,,0,,,,
simple,,,1,0,visible,,,,,taxable,,0,,0,0,,,,,1,,,,"MINI, MINI > Convertible, MINI > Convertible > Convertible F67",,,https://ac-schnitzer-cdn.de/media/image/ce/04/f2/Convertible-F67.jpg,,,,,,,,,,,,,,,,,,,,,,,,,,0,,,,
simple,,,1,0,visible,,,,,taxable,,0,,0,0,,,,,1,,,,"MINI, MINI > Convertible, MINI > Convertible > Convertible F57",,,https://ac-schnitzer-cdn.de/media/image/fe/08/e9/Convertible-F57.jpg,,,,,,,,,,,,,,,,,,,,,,,,,,0,,,,
simple,,,1,0,visible,,,,,taxable,,0,,0,0,,,,,1,,,,"MINI, MINI > Countryman",,,https://ac-schnitzer-cdn.de/media/vector/32/df/8c/ac-schnitzer-logo.svg,,,,,,,,,,,,,,,,,,,,,,,,,,0,,,,
simple,,,1,0,visible,,,,,taxable,,0,,0,0,,,,,1,,,,"MINI, MINI > Countryman, MINI > Countryman > Countryman F60",,,https://ac-schnitzer-cdn.de/media/image/42/7e/33/Countryman-F60.jpg,,,,,,,,,,,,,,,,,,,,,,,,,,0,,,,
simple,,,1,0,visible,,,,,taxable,,0,,0,0,,,,,1,,,,Toyota,,,https://ac-schnitzer-cdn.de/media/vector/32/df/8c/ac-schnitzer-logo.svg,,,,,,,,,,,,,,,,,,,,,,,,,,0,,,,
simple,,"AC Schnitzer 21"" wheel & tyre set AC3 FlowForming silver-anthracite Michelin for Toyota GR Supra",1,0,visible,,,,,taxable,,1,,0,0,,,,,1,,,,"Toyota, Toyota > Toyota GR",,,,,,,,,,,,,,,,,,,,,,,,,,,,,0,,,,
simple,,,1,0,visible,,,,,taxable,,0,,0,0,,,,,1,,,,"Toyota, Toyota > Toyota GR, Toyota > Toyota GR > Toyota GR Supra",,,https://ac-schnitzer-cdn.de/media/vector/32/df/8c/ac-schnitzer-logo.svg,,,,,,,,,,,,,,,,,,,,,,,,,,0,,,,
